Address,Content Type,Status Code,Status,Indexability,Indexability Status,Title 1,Title 1 Length,Title 1 Pixel Width,Meta Description 1,Meta Description 1 Length,Meta Description 1 Pixel Width,Meta Keywords 1,Meta Keywords 1 Length,H1-1,H1-1 Length,H1-2,H1-2 Length,H2-1,H2-1 Length,H2-2,H2-2 Length,Meta Robots 1,X-Robots-Tag 1,Meta Refresh 1,Canonical Link Element 1,"rel=""next"" 1","rel=""prev"" 1","HTTP rel=""next"" 1","HTTP rel=""prev"" 1",amphtml Link Element,Size (bytes),Word Count,Text Ratio,Crawl Depth,Link Score,Inlinks,Unique Inlinks,Unique JS Inlinks,% of Total,Outlinks,Unique Outlinks,Unique JS Outlinks,External Outlinks,Unique External Outlinks,Unique External JS Outlinks,Closest Similarity Match,No. Near Duplicates,Spelling Errors,Grammar Errors,Hash,Response Time,Last Modified,Redirect URL,Redirect Type,Cookies,HTTP Version,URL Encoded Address,Crawl Timestamp
https://www.efront.com/fr/recherche-et-etudes/ai2-alternative-investment-meets-artificial-intelligence,text/html;charset=UTF-8,200,OK,Indexable,,AI²: Alternative Investments Meet Artificial Intelligence | eFront,66,546,,0,0,,0,AI²: ALTERNATIVE INVESTMENTS MEET ARTIFICIAL INTELLIGENCE,57,,0,Get This Research Paper,23,Thank you,9,,,,https://www.efront.com/fr/recherche-et-etudes/ai2-alternative-investment-meets-artificial-intelligence,,,,,,88271,1364,12.423,3,,7,3,0,0.45,125,49,0,13,9,0,,,,,6320884724451f8be22d7bd1a27fef77,0.272,,,,,1.1,https://www.efront.com/fr/recherche-et-etudes/ai2-alternative-investment-meets-artificial-intelligence,29/03/2022 10:39
https://www.efront.com/fr/partenaires,text/html;charset=UTF-8,200,OK,Indexable,,Partenaires | eFront,20,176,,0,0,,0,ASSOCIATIONS & PARTNERS,23,,0,,0,,0,,,,https://www.efront.com/fr/partenaires,,,,,,61075,1250,16.882,2,,971,322,0,47.92,124,47,0,13,9,0,,,,,8817d4830e446ae3bc6d19a8bf71badd,0.312,,,,,1.1,https://www.efront.com/fr/partenaires,29/03/2022 10:39
https://www.efront.com/en/brochures/efront-insight-sustainability-2,text/html;charset=UTF-8,200,OK,Indexable,,eFront Insight Sustainability | eFront,38,315,eFront Insight Sustainability helps private market investors to monitor and analyze portfolios and investments through an ESG lens. With actionable ESG risk metrics,164,1032,,0,eFront Insight Sustainability,29,,0,Download the brochure,21,Thank you for your interest in eFront,37,,,,https://www.efront.com/en/brochures/efront-insight-sustainability-2,,,,,,95327,1158,13.235,2,,7,3,0,0.45,140,48,0,13,9,0,,,,,401c5866ab0e7fdea3bb753417e97d,0.272,,,,,1.1,https://www.efront.com/en/brochures/efront-insight-sustainability-2,29/03/2022 10:38
https://www.efront.com/fr/news-press-releases/genesis-alternative-ventures-selects-efront-invest-as-its-loan-management-platform,text/html;charset=UTF-8,200,OK,Indexable,,Genesis Alternative Ventures selects eFront Invest as its loan management platform | eFront,91,810,,0,0,,0,,0,,0,Genesis Alternative Ventures selects eFront Invest as its loan management platform,82,Insight private equity benchmarks released for Q3 2021,54,,,,https://www.efront.com/fr/news-press-releases/genesis-alternative-ventures-selects-efront-invest-as-its-loan-management-platform,,,,,,63283,1472,18.567,3,,7,3,0,0.45,125,49,0,13,9,0,,,,,4639dda783b8cbacf5d6fbf33aeafa17,0.257,,,,,1.1,https://www.efront.com/fr/news-press-releases/genesis-alternative-ventures-selects-efront-invest-as-its-loan-management-platform,29/03/2022 10:39
https://www.efront.com/en/resources/client-testimonial-videos,text/html;charset=UTF-8,200,OK,Indexable,,Client Testimonials | eFront,28,239,,0,0,,0,CLIENT TESTIMONIAL VIDEOS,25,,0,General Partner,15,Limited Partner,15,,,,https://www.efront.com/en/resources/client-testimonial-videos,,,,,,73933,1155,13.108,1,,977,323,0,48.07,139,47,0,13,9,0,,,,,41b0d1e10e8225afad5282e7ce90f5a1,0.367,,,,,1.1,https://www.efront.com/en/resources/client-testimonial-videos,29/03/2022 10:38
https://www.efront.com/fr/news-press-releases/latest-enhancements-released-for-full-efront-solution-suite,text/html;charset=UTF-8,200,OK,Indexable,,Latest enhancements released for full eFront solution suite | eFront,68,586,,0,0,,0,Latest enhancements released for full eFront solution suite,59,,0,Insight private equity benchmarks released for Q3 2021,54,Insight private equity benchmarks released for Q2 2021,54,,,,https://www.efront.com/fr/news-press-releases/latest-enhancements-released-for-full-efront-solution-suite,,,,,,63280,1483,18.706,3,,7,3,0,0.45,125,49,0,13,9,0,,,,,2824c5b3bdd86dd9ce45ed6d1f516510,0.292,,,,,1.1,https://www.efront.com/fr/news-press-releases/latest-enhancements-released-for-full-efront-solution-suite,29/03/2022 10:39
https://www.efront.com/en/research-papers/global-private-equity-performance-series-july-28,text/html;charset=UTF-8,200,OK,Indexable,,Global private equity performance series july 28 | eFront,57,493,,0,0,,0,GLOBAL PRIVATE EQUITY PERFORMANCE SERIES,40,,0,Get This Research Paper,23,Thank you,9,,,,https://www.efront.com/en/research-papers/global-private-equity-performance-series-july-28,,,,,,88981,1268,11.6,2,,41,37,0,5.51,143,52,0,13,9,0,,,,,daf89a544019f81fad09f7bff1843442,0.702,,,,,1.1,https://www.efront.com/en/research-papers/global-private-equity-performance-series-july-28,29/03/2022 10:39
https://www.efront.com/en/case-studies/acumen,text/html;charset=UTF-8,200,OK,Indexable,,Acumen | eFront,15,145,,0,0,,0,ACUMEN,6,,0,eFront Pevara private equity benchmarks released for Q3 2019,60,eFront: How tech can unlock private markets,43,,,,https://www.efront.com/en/case-studies/acumen,,,,,,60180,1158,16.047,5,,5,1,0,0.15,141,50,0,13,9,0,,,,,37fdad54da4865cf630b2f519fed6872,0.238,,,,,1.1,https://www.efront.com/en/case-studies/acumen,29/03/2022 10:39
https://www.efront.com/fr/ressources/etudes-de-cas-clients,text/html;charset=UTF-8,200,OK,Indexable,,"Case Studies - General Partner, Limited Partner | eFront",56,498,,0,0,,0,ÉTUDES DE CAS CLIENTS,21,,0,Estera,6,Sumitomo Mitsui Asset Management implements eFront Invest GP,60,,,,https://www.efront.com/fr/ressources/etudes-de-cas-clients,,,,,,70455,1654,18.318,2,,971,322,0,47.92,135,58,0,13,9,0,,,,,2df4737c4c258bc11f3d30ee54df5412,0.537,,,,,1.1,https://www.efront.com/fr/ressources/etudes-de-cas-clients,29/03/2022 10:39
https://www.efront.com/en/news-press-releases/efront-simplifies-investor-onboarding-with-major-update-of-efront-investment-cafe,text/html;charset=UTF-8,200,OK,Indexable,,eFront simplifies investor onboarding with major update of eFront Investment Café | eFront,90,792,,0,0,,0,,0,,0,eFront simplifies investor onboarding with major update of eFront Investment Café,81,Insight private equity benchmarks released for Q3 2021,54,,,,https://www.efront.com/en/news-press-releases/efront-simplifies-investor-onboarding-with-major-update-of-efront-investment-cafe,,,,,,64938,1460,18.022,2,,9,5,0,0.74,145,52,0,13,9,0,,,,,7ae9ac8f5dc82db8a0c43ca336fc3f,0.337,,,,,1.1,https://www.efront.com/en/news-press-releases/efront-simplifies-investor-onboarding-with-major-update-of-efront-investment-cafe,29/03/2022 10:38
https://www.efront.com/fr/news-press-releases/efront-pevara-private-equity-benchmarks-updated-with-q2-2019-results,text/html;charset=UTF-8,200,OK,Indexable,,eFront Pevara private equity benchmarks updated with Q2 2019 results | BlackRock,80,736,,0,0,,0,eFront Pevara private equity benchmarks updated with Q2 2019 results,68,,0,Insight private equity benchmarks released for Q3 2021,54,Insight private equity benchmarks released for Q2 2021,54,,,,https://www.efront.com/fr/news-press-releases/efront-pevara-private-equity-benchmarks-updated-with-q2-2019-results,,,,,,62203,1308,16.986,3,,7,3,0,0.45,127,50,0,14,10,0,,,,,b0e1675694f9e1463792e59bcff4e66,0.35,,,,,1.1,https://www.efront.com/fr/news-press-releases/efront-pevara-private-equity-benchmarks-updated-with-q2-2019-results,29/03/2022 10:39
https://www.efront.com/fr/recherche-et-etudes/global-private-equity-performance-series-july-28,text/html;charset=UTF-8,200,OK,Indexable,,Global private equity performance series july 28 | eFront,57,493,,0,0,,0,GLOBAL PRIVATE EQUITY PERFORMANCE SERIES,40,,0,Get This Research Paper,23,Thank you,9,,,,https://www.efront.com/fr/recherche-et-etudes/global-private-equity-performance-series-july-28,,,,,,88202,1333,12.152,3,,41,37,0,5.51,125,49,0,13,9,0,,,,,f6ebf1aa98e62fd5b38ae1256f18d81c,0.319,,,,,1.1,https://www.efront.com/fr/recherche-et-etudes/global-private-equity-performance-series-july-28,29/03/2022 10:39
https://www.efront.com/en/making-alternatives-less-alternative,text/html;charset=UTF-8,200,OK,Indexable,,Making alternatives less alternative | eFront,45,381,,0,0,,0,Making alternatives less alternative,36,,0,BlackRock automates private markets reporting with new eFront technolo...,73,eFront READY for GPs: Maximize value from day one,49,,,,https://www.efront.com/en/making-alternatives-less-alternative,,,,,,70543,2485,25.836,2,,7,3,0,0.45,143,52,0,13,9,0,,,,,75e336d509286bf197afa729f5b2cff,0.273,,,,,1.1,https://www.efront.com/en/making-alternatives-less-alternative,29/03/2022 10:38
https://www.efront.com/fr/alternative-investment-software/whole-portfolio-view,text/html;charset=UTF-8,200,OK,Indexable,,Whole Portfolio View | eFront,29,258,,0,0,,0,,0,,0,Contact us,10,Thank you for your interest in eFront,37,,,,https://www.efront.com/fr/alternative-investment-software/whole-portfolio-view,,,,,,96955,1157,13.256,3,,5,1,0,0.15,123,47,0,13,9,0,,,,,9bc09f5f5c84e67896df58f9bde08865,0.379,,,,,1.1,https://www.efront.com/fr/alternative-investment-software/whole-portfolio-view,29/03/2022 10:39
https://www.efront.com/fr/brochures/efront-real-estate-solutions,text/html;charset=UTF-8,200,OK,Indexable,,eFront Real Estate Solutions Brochure | eFront,46,411,,0,0,,0,eFront Real Estate Solutions Brochure,37,,0,Download the brochure,21,Thank you for your interest in eFront,37,,,,https://www.efront.com/fr/brochures/efront-real-estate-solutions,,,,,,94142,1198,13.635,3,,7,3,0,0.45,122,46,0,13,9,0,,,,,23950f27abedcd3a447f8bbd0d623334,0.386,,,,,1.1,https://www.efront.com/fr/brochures/efront-real-estate-solutions,29/03/2022 10:39
https://www.efront.com/fr/alternative-investment-software/efront-invest-as,text/html;charset=UTF-8,200,OK,Indexable,,eFront Invest AS | eFront,25,222,,0,0,,0,MANAGING AND ADMINISTERING ALTERNATIVE INVESTMENTS,50,,0,Key Product Features,20,Today’s Top Alternative Investment Challenges,45,,,,https://www.efront.com/fr/alternative-investment-software/efront-invest-as,,,,,,108085,1687,15.7,3,,7,3,0,0.45,123,47,0,13,9,0,,,,,5ff0a11e8f3a648d28482c06538b672,0.395,,,,,1.1,https://www.efront.com/fr/alternative-investment-software/efront-invest-as,29/03/2022 10:39
https://www.efront.com/en/research-papers/returns-risks-and-liquidity-of-vc-funds-in-q3-2020,text/html;charset=UTF-8,200,OK,Indexable,,"Returns, risks and liquidity of VC Funds in Q3 2020 | eFront",60,522,,0,0,,0,"RETURNS, RISKS AND LIQUIDITY OF VC FUNDS IN Q3 2020",51,,0,Get This Research Paper,23,Thank you,9,,,,https://www.efront.com/en/research-papers/returns-risks-and-liquidity-of-vc-funds-in-q3-2020,,,,,,89029,1327,11.967,2,,7,3,0,0.45,143,52,0,13,9,0,,,,,9fad1f8e0f66e9388bb7501eeda2e8da,0.281,,,,,1.1,https://www.efront.com/en/research-papers/returns-risks-and-liquidity-of-vc-funds-in-q3-2020,29/03/2022 10:38
https://www.efront.com/en/bridging-public-and-private-markets,text/html;charset=UTF-8,200,OK,Indexable,,Bridging public and private markets | eFront,44,382,,0,0,,0,Bridging public and private markets,35,,0,"Now part of BlackRock, eFront provides software solutions at the crossroads of public and private markets. What are the most striking differences between the requirements of the two worlds?",189,What is driving convergence between the two?,44,,,,https://www.efront.com/en/bridging-public-and-private-markets,,,,,,70321,2385,24.501,2,,7,3,0,0.45,143,52,0,14,10,0,,,,,2b061572bd93610c257d5823821cabdd,0.242,,,,,1.1,https://www.efront.com/en/bridging-public-and-private-markets,29/03/2022 10:38
https://www.efront.com/fr/etudes-de-cas-clients/wellershoff-partners-implements-efront-pevara,text/html;charset=UTF-8,200,OK,Indexable,,Wellershoff & Partners implements eFront Pevara | eFront,56,510,,0,0,,0,WELLERSHOFF & PARTNERS IMPLEMENTS EFRONT PEVARA,47,,0,Contact us,10,Thank you for your interest in eFront,37,,,,https://www.efront.com/fr/etudes-de-cas-clients/wellershoff-partners-implements-efront-pevara,,,,,,101660,1337,13.902,4,,5,1,0,0.15,123,47,0,14,10,0,,,,,d870ad1b69e8074b0851df10578a019b,0.293,,,,,1.1,https://www.efront.com/fr/etudes-de-cas-clients/wellershoff-partners-implements-efront-pevara,29/03/2022 10:39
https://www.efront.com/fr/nous-connaitre,text/html;charset=UTF-8,200,OK,Indexable,,About the company and the team| eFront,38,359,,0,0,,0,,0,,0,NOUS CONNAÎTRE,14,Notre histoire,14,,,,https://www.efront.com/fr/nous-connaitre,,,,,,111722,1965,16.763,2,,973,322,0,47.92,124,47,0,13,9,0,,,,,58180d5bb04d83c31cfe562b58dd001b,0.427,,,,,1.1,https://www.efront.com/fr/nous-connaitre,29/03/2022 10:39
https://www.efront.com/en/research-papers/returns-risks-and-liquidity-of-vc-funds-in-q3-2019,text/html;charset=UTF-8,200,OK,Indexable,,"Returns, risks and liquidity of VC Funds in Q3 2019 | eFront",60,522,,0,0,,0,"RETURNS, RISKS AND LIQUIDITY OF VC FUNDS IN Q3 2019",51,,0,Get This Research Paper,23,Thank you,9,,,,https://www.efront.com/en/research-papers/returns-risks-and-liquidity-of-vc-funds-in-q3-2019,,,,,,88659,1260,11.584,2,,7,3,0,0.45,143,52,0,13,9,0,,,,,d51a15146bb20f95eaa560b915c28f19,0.433,,,,,1.1,https://www.efront.com/en/research-papers/returns-risks-and-liquidity-of-vc-funds-in-q3-2019,29/03/2022 10:38
https://www.efront.com/en/resources/brochures,text/html;charset=UTF-8,200,OK,Indexable,,Brochures | eFront,18,164,,0,0,,0,BROCHURES,9,,0,eFront GP Suite,15,eFront Insight ESG Outreach Metrics,35,,,,https://www.efront.com/en/resources/brochures,,,,,,84584,1865,17.622,1,,1187,429,0,63.84,163,71,0,13,9,0,,,,,cb7faaa84aaef62fad676ba143e58ed,0.343,,,,,1.1,https://www.efront.com/en/resources/brochures,29/03/2022 10:38
https://www.efront.com/fr/news-press-releases/efront-pevara-private-equity-benchmarks-released-for-q3-2019,text/html;charset=UTF-8,200,OK,Indexable,,eFront Pevara private equity benchmarks released for Q3 2019 | eFront,69,630,,0,0,,0,eFront Pevara private equity benchmarks released for Q3 2019,60,,0,Insight private equity benchmarks released for Q3 2021,54,Insight private equity benchmarks released for Q2 2021,54,,,,https://www.efront.com/fr/news-press-releases/efront-pevara-private-equity-benchmarks-released-for-q3-2019,,,,,,61984,1294,16.939,3,,33,29,0,4.32,126,49,0,14,10,0,,,,,ad517166937ec12ebd2fced4fca4fd6d,0.271,,,,,1.1,https://www.efront.com/fr/news-press-releases/efront-pevara-private-equity-benchmarks-released-for-q3-2019,29/03/2022 10:39
https://www.efront.com/en/research-papers/returns-risks-and-liquidity-of-lbo-funds-in-q2-2020,text/html;charset=UTF-8,200,OK,Indexable,,"Returns, risks and liquidity of LBO Funds in Q2 2020 | eFront",61,535,,0,0,,0,"RETURNS, RISKS AND LIQUIDITY OF LBO FUNDS IN Q2 2020",52,,0,Get This Research Paper,23,Thank you,9,,,,https://www.efront.com/en/research-papers/returns-risks-and-liquidity-of-lbo-funds-in-q2-2020,,,,,,89245,1348,12.157,2,,7,3,0,0.45,143,52,0,13,9,0,,,,,6e0f4bc4eb6835d2a5f7268ef855a314,0.319,,,,,1.1,https://www.efront.com/en/research-papers/returns-risks-and-liquidity-of-lbo-funds-in-q2-2020,29/03/2022 10:38
https://www.efront.com/fr/brochures/efront-insight-esg-ratings,text/html;charset=UTF-8,200,OK,Indexable,,eFront Insight ESG Ratings | eFront,35,315,,0,0,,0,eFront Insight ESG Ratings,26,,0,Download the brochure,21,Thank you for your interest in eFront,37,,,,https://www.efront.com/fr/brochures/efront-insight-esg-ratings,,,,,,94243,1224,13.776,3,,7,3,0,0.45,122,46,0,13,9,0,,,,,ad73d26d4c168dac79043c7e800e862b,0.286,,,,,1.1,https://www.efront.com/fr/brochures/efront-insight-esg-ratings,29/03/2022 10:39
https://www.efront.com/en/research-papers/returns-risks-and-liquidity-of-lbo-funds-in-q2-2019,text/html;charset=UTF-8,200,OK,Indexable,,"Returns, risks and liquidity of LBO Funds in Q2 2019 | eFront",61,535,,0,0,,0,"RETURNS, RISKS AND LIQUIDITY OF LBO FUNDS IN Q2 2019",52,,0,Get This Research Paper,23,Thank you,9,,,,https://www.efront.com/en/research-papers/returns-risks-and-liquidity-of-lbo-funds-in-q2-2019,,,,,,88686,1261,11.615,2,,7,3,0,0.45,143,52,0,13,9,0,,,,,ceb5211bba284dbd3e15b5edca1911ce,0.594,,,,,1.1,https://www.efront.com/en/research-papers/returns-risks-and-liquidity-of-lbo-funds-in-q2-2019,29/03/2022 10:39
https://www.efront.com/en/tech-steps-up-to-enhance-oversight-in-outsourcing,text/html;charset=UTF-8,200,OK,Indexable,,Tech steps up to enhance oversight | eFront,43,386,,0,0,,0,Tech steps up to enhance oversight in outsourcing,49,,0,How can outsourcing support GPs concerned about oversight and transparent access to data? Are there additional risks?,117,What is the right operating model to ensure outsourcing does not damage oversight?,82,,,,https://www.efront.com/en/tech-steps-up-to-enhance-oversight-in-outsourcing,,,,,,69688,2166,23.181,2,,33,29,0,4.32,143,52,0,13,9,0,,,,,d0dd70361a478e5faa19f0f4b5894704,0.266,,,,,1.1,https://www.efront.com/en/tech-steps-up-to-enhance-oversight-in-outsourcing,29/03/2022 10:38
https://www.efront.com/en/contact,text/html;charset=UTF-8,200,OK,Indexable,,Contact-us | eFront,19,170,,0,0,,0,CONTACT US,10,,0,Contact us,10,Thank you for your interest in eFront,37,,,,https://www.efront.com/en/contact,,,,,,99646,1102,12.573,2,,98,93,0,13.84,144,50,0,14,9,0,,,,,91bc044a99e97ad372b26cc8acb62df4,0.264,,,,,1.1,https://www.efront.com/en/contact,29/03/2022 10:38
https://www.efront.com/fr/news-press-releases/efront-pevara-private-equity-benchmarks-released-for-q4-2019,text/html;charset=UTF-8,200,OK,Indexable,,eFront Pevara private equity benchmarks released for Q4 2019 | BlackRock,72,666,,0,0,,0,eFront Pevara private equity benchmarks released for Q4 2019,60,,0,Insight private equity benchmarks released for Q3 2021,54,Insight private equity benchmarks released for Q2 2021,54,,,,https://www.efront.com/fr/news-press-releases/efront-pevara-private-equity-benchmarks-released-for-q4-2019,,,,,,62066,1293,16.903,3,,7,3,0,0.45,127,50,0,14,10,0,,,,,3fb85654e287338bc36ba06c8592995,0.322,,,,,1.1,https://www.efront.com/fr/news-press-releases/efront-pevara-private-equity-benchmarks-released-for-q4-2019,29/03/2022 10:39
https://www.efront.com/en/alternative-investment-solutions/limited-partners,text/html;charset=UTF-8,200,OK,Indexable,,Alternative Investment Software for Limited Partner | eFront Software,69,610,,0,0,,0,,0,,0,LIMITED PARTNER ALTERNATIVE INVESTMENT SOFTWARE,47,The eFront Solution Suite for Limited Partners,46,,,,https://www.efront.com/en/alternative-investment-solutions/limited-partners,,,,,,117664,1583,13.729,1,,981,323,0,48.07,150,51,0,13,9,0,,,,,37c4a49ce0a187543cc6764f3060878,0.423,,,,,1.1,https://www.efront.com/en/alternative-investment-solutions/limited-partners,29/03/2022 10:38
https://www.efront.com/fr/etudes-de-cas-clients/national-pension-service-nps,text/html;charset=UTF-8,200,OK,Indexable,,National Pension Service (NPS) | eFront,39,350,,0,0,,0,NATIONAL PENSION SERVICE (NPS),30,,0,eFront Pevara private equity benchmarks released for Q3 2019,60,eFront: How tech can unlock private markets,43,,,,https://www.efront.com/fr/etudes-de-cas-clients/national-pension-service-nps,,,,,,59844,1240,16.954,3,,7,3,0,0.45,123,47,0,13,9,0,,,,,43a4d07ade8cde3f4320f3d7ed40a943,0.311,,,,,1.1,https://www.efront.com/fr/etudes-de-cas-clients/national-pension-service-nps,29/03/2022 10:39
https://www.efront.com/fr/news-press-releases/new-efront-invest-ui-transforms-the-client-experience,text/html;charset=UTF-8,200,OK,Indexable,,New efront invest ui transforms the client experience | eFront,62,532,,0,0,,0,New eFront Invest UI transforms the client experience,53,,0,Insight private equity benchmarks released for Q3 2021,54,Insight private equity benchmarks released for Q2 2021,54,,,,https://www.efront.com/fr/news-press-releases/new-efront-invest-ui-transforms-the-client-experience,,,,,,62702,1427,18.112,3,,7,3,0,0.45,126,50,0,13,9,0,,,,,152d4c7300b477d5b2736b3eac753379,0.37,,,,,1.1,https://www.efront.com/fr/news-press-releases/new-efront-invest-ui-transforms-the-client-experience,29/03/2022 10:39
https://www.efront.com/fr/recherche-et-etudes/private-equity-market-data-and-the-us-government-partisanship,text/html;charset=UTF-8,200,OK,Indexable,,Private Equity Market Data and the US Government Partisanship - eFront,70,642,,0,0,,0,PRIVATE EQUITY MARKET DATA AND THE US GOVERNMENT PARTISANSHIP,61,,0,Get This Research Paper,23,Thank you,9,,,,https://www.efront.com/fr/recherche-et-etudes/private-equity-market-data-and-the-us-government-partisanship,,,,,,88352,1365,12.393,3,,7,3,0,0.45,125,49,0,13,9,0,,,,,5124b135550e965d685163dcb396dbf6,0.257,,,,,1.1,https://www.efront.com/fr/recherche-et-etudes/private-equity-market-data-and-the-us-government-partisanship,29/03/2022 10:39
https://www.efront.com/en/case-studies/acumen-implements-efront-invest,text/html;charset=UTF-8,200,OK,Indexable,,Acumen implements eFront Invest | eFront,40,371,,0,0,,0,ACUMEN IMPLEMENTS EFRONT INVEST,31,,0,Contact us,10,Thank you for your interest in eFront,37,,,,https://www.efront.com/en/case-studies/acumen-implements-efront-invest,,,,,,101743,1255,13.374,2,,9,5,0,0.74,141,48,0,13,9,0,,,,,9f1f6965ed881a8c5db5dde9bdd6b2b6,0.29,,,,,1.1,https://www.efront.com/en/case-studies/acumen-implements-efront-invest,29/03/2022 10:38
https://www.efront.com/en/resources/webinars,text/html;charset=UTF-8,200,OK,Indexable,,Webinars - Alternative Investment Software | eFront,51,456,"BlackRock invests on behalf of our clients, from institutions to individuals in any stage of life, who entrust their savings to us. Learn more about us.",152,918,,0,UPCOMING WEBINARS,17,,0,,0,,0,,,,https://www.efront.com/en/resources/webinars,,,,,,58061,1083,15.735,1,,974,323,0,48.07,140,48,0,13,9,0,,,,,edd38e4bddda5debb8494035efdd18f9,0.259,,,,,1.1,https://www.efront.com/en/resources/webinars,29/03/2022 10:38
https://www.efront.com/en/research-papers/private-equity-market-data-and-the-us-government-partisanship,text/html;charset=UTF-8,200,OK,Indexable,,Private Equity Market Data and the US Government Partisanship - eFront,70,642,See what our data reveals for private equity performance when comparing a divided vs. unified US government ahead of the upcoming US Senate elections in the state,162,1050,,0,PRIVATE EQUITY MARKET DATA AND THE US GOVERNMENT PARTISANSHIP,61,,0,Get This Research Paper,23,Thank you,9,,,,https://www.efront.com/en/research-papers/private-equity-market-data-and-the-us-government-partisanship,,,,,,89293,1300,11.818,2,,7,3,0,0.45,143,52,0,13,9,0,,,,,e29f4d9b853c67ccf8d1d03f34ff5a51,0.446,,,,,1.1,https://www.efront.com/en/research-papers/private-equity-market-data-and-the-us-government-partisanship,29/03/2022 10:38
https://www.efront.com/fr/nous-connaitre/evenements,text/html;charset=UTF-8,200,OK,Indexable,,Events about Alternative Investment Innovation | eFront,55,482,,0,0,,0,EVENTS,6,,0,,0,,0,,,,https://www.efront.com/fr/nous-connaitre/evenements,,,,,,55929,1126,16.793,2,,971,322,0,47.92,121,44,0,13,9,0,,,,,c83c3b74b5eea1bd8441aa1d17e11823,0.214,,,,,1.1,https://www.efront.com/fr/nous-connaitre/evenements,29/03/2022 10:39
https://www.efront.com/en/brochures/efront-education-services,text/html;charset=UTF-8,200,OK,Indexable,,eFront Education Services | BlackRock,37,341,,0,0,,0,eFront Education Services,25,,0,Download the brochure,21,Thank you for your interest in eFront,37,,,,https://www.efront.com/en/brochures/efront-education-services,,,,,,95172,1167,13.339,2,,7,3,0,0.45,140,48,0,13,9,0,,,,,47cce146db4f3440c050797c7f01c26c,0.323,,,,,1.1,https://www.efront.com/en/brochures/efront-education-services,29/03/2022 10:38
https://www.efront.com/en/alternative-investment-solutions/performance-assesment,text/html;charset=UTF-8,200,OK,Indexable,,Performance Assessment Software - Alternative Investment | eFront,65,599,eFront Performance Assessment provides sophisticated and leading-edge solutions to analyse investments and drivers of performance.,130,854,,0,,0,,0,PERFORMANCE ASSESSMENT FOR FUND MANAGERS AND INVESTORS,54,Explore eFront’s Solutions Below,32,,,,https://www.efront.com/en/alternative-investment-solutions/performance-assesment,,,,,,102893,1235,13.006,1,,979,323,0,48.07,144,48,0,13,9,0,,,,,e44612de00645928ea52dce4875b8d12,0.589,,,,,1.1,https://www.efront.com/en/alternative-investment-solutions/performance-assesment,29/03/2022 10:38
https://www.efront.com/fr/alternative-investment-software/efront-portfolio-monitoring,text/html;charset=UTF-8,200,OK,Indexable,,eFront Portfolio Monitoring | eFront,36,308,,0,0,,0,L’INNOVATION AU SERVICE DE LA CRÉATION DE VALEUR,48,,0,À propos d’eFront Portfolio Monitoring,38,Les principaux défis du suivi des portefeuilles aujourd’hui,59,,,,https://www.efront.com/fr/alternative-investment-software/efront-portfolio-monitoring,,,,,,116188,2120,17.219,2,,1003,322,0,47.92,124,47,0,13,9,0,,,,,3deb95437470f2c993044728b34ceb7e,0.26,,,,,1.1,https://www.efront.com/fr/alternative-investment-software/efront-portfolio-monitoring,29/03/2022 10:39
https://www.efront.com/fr/alternative-investment-software/efront-investment-cafe,text/html;charset=UTF-8,200,OK,Indexable,,eFront Investment Café | eFront,31,281,,0,0,,0,LA NOUVELLE ÈRE DES PORTAILS INVESTISSEURS,42,,0,À propos d’eFront Investment Café,33,Les principaux défis de la relation investisseurs d’aujourd'hui,63,,,,https://www.efront.com/fr/alternative-investment-software/efront-investment-cafe,,,,,,113977,1969,16.386,2,,1003,322,0,47.92,124,47,0,13,9,0,,,,,add7b19e37ab4eede598a79e7944a792,0.341,,,,,1.1,https://www.efront.com/fr/alternative-investment-software/efront-investment-cafe,29/03/2022 10:39
https://www.efront.com/en/alternative-investment-solutions/portfolio-and-direct-investments-monitoring,text/html;charset=UTF-8,200,OK,Indexable,,Portfolio Monitoring Software - Alternative Investment Tech | eFront,68,592,"BlackRock invests on behalf of our clients, from institutions to individuals in any stage of life, who entrust their savings to us. Learn more about us.",152,918,,0,,0,,0,PORTFOLIO MONITORING SOFTWARE,29,Explore eFront’s Solutions Below,32,,,,https://www.efront.com/en/alternative-investment-solutions/portfolio-and-direct-investments-monitoring,,,,,,102980,1192,12.799,1,,979,323,0,48.07,144,49,0,13,9,0,,,,,bdccfc58a1e63c569953b1e80337ee08,0.491,,,,,1.1,https://www.efront.com/en/alternative-investment-solutions/portfolio-and-direct-investments-monitoring,29/03/2022 10:38
https://www.efront.com/fr/alternative-investment-software/efront-office,text/html;charset=UTF-8,200,OK,Indexable,,eFront Office | eFront,22,191,,0,0,,0,"OPTIMISER LE DEAL-FLOW, LA COLLECTE DE FONDS ET L’ENGAGEMENT DES INVESTISSE",75,,0,À propos d’eFront Office,24,Les principaux défis CRM d'aujourd'hui pour les investisseurs alternatifs,73,,,,https://www.efront.com/fr/alternative-investment-software/efront-office,,,,,,109210,1859,16.519,2,,995,322,0,47.92,124,47,0,13,9,0,,,,,6e9561aee04e9a6efc3079f03c0abb13,0.295,,,,,1.1,https://www.efront.com/fr/alternative-investment-software/efront-office,29/03/2022 10:39
https://www.efront.com/en/case-studies/wellershoff-partners-wp,text/html;charset=UTF-8,200,OK,Indexable,,Wellershoff & Partners (WP) | eFront,36,326,,0,0,,0,WELLERSHOFF & PARTNERS (WP),27,,0,eFront Pevara private equity benchmarks released for Q3 2019,60,eFront: How tech can unlock private markets,43,,,,https://www.efront.com/en/case-studies/wellershoff-partners-wp,,,,,,60377,1146,15.871,5,,5,1,0,0.15,141,50,0,13,9,0,,,,,89efd41ffce3d70f2161dbda42eabb5c,0.22,,,,,1.1,https://www.efront.com/en/case-studies/wellershoff-partners-wp,29/03/2022 10:39
https://www.efront.com/en/news-press-releases/blackrock-adds-esg-risk-data-on-thousands-of-private-companies-to-efront-with-reprisk-partnership,text/html;charset=UTF-8,200,OK,Indexable,,BlackRock adds ESG risk data on thousands of private companies to eFront with RepRisk partnership | eFront,106,968,,0,0,,0,BlackRock adds ESG risk data on thousands of private companies to eFront with RepRisk partnership,97,,0,Insight private equity benchmarks released for Q3 2021,54,Insight private equity benchmarks released for Q2 2021,54,,,,https://www.efront.com/en/news-press-releases/blackrock-adds-esg-risk-data-on-thousands-of-private-companies-to-efront-with-reprisk-partnership,,,,,,68630,1772,20.45,2,,9,5,0,0.74,144,52,0,18,13,0,,,,,344f79454e81322be7be7c13f294ee94,0.287,,,,,1.1,https://www.efront.com/en/news-press-releases/blackrock-adds-esg-risk-data-on-thousands-of-private-companies-to-efront-with-reprisk-partnership,29/03/2022 10:38
https://www.efront.com/fr/alternative-investment-solutions/administrateurs-de-fonds,text/html;charset=UTF-8,200,OK,Indexable,,Alternative Investment Technology for Asset Servicers | eFront,62,548,,0,0,,0,,0,,0,ADMINISTRATEURS DE FONDS LOGICIEL POUR L’INVESTISSEMENT ALTERNATIF,66,Découvrez ci-dessous les solutions eFront dédiées aux administrateurs de fonds,78,,,,https://www.efront.com/fr/alternative-investment-solutions/administrateurs-de-fonds,,,,,,112000,1535,13.947,2,,9,5,0,0.74,127,50,0,13,9,0,,,,,a23f48275531ebc90505203fae9a1bf1,0.608,,,,,1.1,https://www.efront.com/fr/alternative-investment-solutions/administrateurs-de-fonds,29/03/2022 10:39
https://www.efront.com/en/associations-and-partners,text/html;charset=UTF-8,200,OK,Indexable,,Associations & Partners | eFront,32,285,"As the leading software provider to alternative investment professionals, eFront nurtures a partner network with a view to deliver more value to its clients.",157,960,,0,ASSOCIATIONS & PARTNERS,23,,0,,0,,0,,,,https://www.efront.com/en/associations-and-partners,,,,,,62201,1185,15.934,1,,974,323,0,48.07,142,50,0,13,9,0,,,,,c62cebe99acabfb6968f7fbaf7fc1279,0.331,,,,,1.1,https://www.efront.com/en/associations-and-partners,29/03/2022 10:38
https://www.efront.com/fr/ressources/brochures,text/html;charset=UTF-8,200,OK,Indexable,,Brochures | eFront,18,164,,0,0,,0,BROCHURES,9,,0,eFront Insight ESG Outreach Metrics,35,eFront Insight Sustainability,29,,,,https://www.efront.com/fr/ressources/brochures,,,,,,82618,1892,18.194,2,,971,322,0,47.92,144,67,0,13,9,0,,,,,7a584d9cff288510ad66234bacdc1dbd,0.275,,,,,1.1,https://www.efront.com/fr/ressources/brochures,29/03/2022 10:39
https://www.efront.com/fr/blackrock-automates-private-markets-reporting-with-new-efront-technology,text/html;charset=UTF-8,200,OK,Indexable,,BlackRock automates private markets reporting with new eFront technology | eFront,81,738,BlackRock has launched new machine learning automation capabilities within the,78,507,,0,BlackRock automates private markets reporting with new eFront technology,72,,0,eFront READY for GPs: Maximize value from day one,49,Tech steps up to enhance oversight in outsourcing,49,,,,https://www.efront.com/fr/blackrock-automates-private-markets-reporting-with-new-efront-technology,,,,,,67940,2068,23.044,3,,33,29,0,4.32,132,50,0,14,10,0,,,,,bf9f5b38f14f31545149ad0fb3c2d84d,0.232,,,,,1.1,https://www.efront.com/fr/blackrock-automates-private-markets-reporting-with-new-efront-technology,29/03/2022 10:39
https://www.efront.com/en/about-us/associations-partners,text/html;charset=UTF-8,200,OK,Indexable,,About Us | BlackRock,20,191,"BlackRock invests on behalf of our clients, from institutions to individuals in any stage of life, who entrust their savings to us. Learn more about us.",152,918,,0,ASSOCIATIONS & PARTNERS,23,,0,,0,,0,,,,https://www.efront.com/en/about-us/associations-partners,,,,,,56592,1032,15.573,3,,7,3,0,0.45,139,48,0,13,9,0,,,,,5a8cf606cb7147ca3853cc254f02ef27,0.314,,,,,1.1,https://www.efront.com/en/about-us/associations-partners,29/03/2022 10:39
https://www.efront.com/en/brochures/efront-for-asset-servicers,text/html;charset=UTF-8,200,OK,Indexable,,eFront for Asset Servicers | eFront,35,306,"BlackRock invests on behalf of our clients, from institutions to individuals in any stage of life, who entrust their savings to us. Learn more about us.",152,918,,0,eFront for Asset Servicers,26,,0,Download the brochure,21,Thank you for your interest in eFront,37,,,,https://www.efront.com/en/brochures/efront-for-asset-servicers,,,,,,95086,1126,13.094,2,,7,3,0,0.45,140,48,0,13,9,0,,,,,3b85567ed8d7b71a09b2b75d76919aa8,0.248,,,,,1.1,https://www.efront.com/en/brochures/efront-for-asset-servicers,29/03/2022 10:38
https://www.efront.com/en/news-press-releases/efront-pevara-private-equity-benchmarks-updated-with-q2-2019-results,text/html;charset=UTF-8,200,OK,Indexable,,eFront Pevara private equity benchmarks updated with Q2 2019 results | BlackRock,80,736,,0,0,,0,eFront Pevara private equity benchmarks updated with Q2 2019 results,68,,0,Insight private equity benchmarks released for Q3 2021,54,Insight private equity benchmarks released for Q2 2021,54,,,,https://www.efront.com/en/news-press-releases/efront-pevara-private-equity-benchmarks-updated-with-q2-2019-results,,,,,,62874,1234,16.107,2,,7,3,0,0.45,143,52,0,14,10,0,,,,,5dba24912127ffdb97d019fcaf02c05d,0.244,,,,,1.1,https://www.efront.com/en/news-press-releases/efront-pevara-private-equity-benchmarks-updated-with-q2-2019-results,29/03/2022 10:38
https://www.efront.com/fr/nous-connaitre/news,text/html;charset=UTF-8,200,OK,Indexable,,News & Press Releases | eFront,30,288,"Here at eFront, we are constantly innovating and moving forward. Browse our below News and Press Release listing in order to stay current on our latest developments",164,1050,,0,NEWS AND PRESS RELEASES,23,,0,Insight private equity benchmarks released for Q4 2021,54,Insight private equity benchmarks released for Q3 2021,54,,,,https://www.efront.com/fr/nous-connaitre/news,,,,,,84590,1987,17.738,2,,971,322,0,47.92,143,66,0,13,9,0,,,,,f93d662d0f1b8f3a112e6b54cf500e50,0.269,,,,,1.1,https://www.efront.com/fr/nous-connaitre/news,29/03/2022 10:39
https://www.efront.com/en/case-studies/old-mutual,text/html;charset=UTF-8,200,OK,Indexable,,Old Mutual | eFront,19,170,,0,0,,0,OLD MUTUAL,10,,0,eFront Pevara private equity benchmarks released for Q3 2019,60,eFront: How tech can unlock private markets,43,,,,https://www.efront.com/en/case-studies/old-mutual,,,,,,60305,1168,16.103,5,,5,1,0,0.15,141,50,0,13,9,0,,,,,f2f7a610a6fc9eb31e4213d10ec351af,0.212,,,,,1.1,https://www.efront.com/en/case-studies/old-mutual,29/03/2022 10:39
https://www.efront.com/en/case-studies/euromena-implements-efront-invest,text/html;charset=UTF-8,200,OK,Indexable,,EuroMena implements eFront Invest | eFront,42,391,,0,0,,0,EUROMENA IMPLEMENTS EFRONT INVEST,33,,0,Contact us,10,Thank you for your interest in eFront,37,,,,https://www.efront.com/en/case-studies/euromena-implements-efront-invest,,,,,,101756,1287,13.542,2,,7,3,0,0.45,141,48,0,13,9,0,,,,,1f656cb0407daf7d3f10006d890d3351,0.286,,,,,1.1,https://www.efront.com/en/case-studies/euromena-implements-efront-invest,29/03/2022 10:38
https://www.efront.com/en/alternative-investment-software/efront-peo-venture-capital,text/html;charset=UTF-8,200,OK,Indexable,,eFront PEO/VC | eFront,22,213,"With eFront PEO/VC, detailed information on funds, investors and portfolio companies is just one click away, held within a single and secure location.",150,935,,0,DEDICATED ENTERPRISE SOFTWARE FOR VENTURE CAPITAL,49,,0,Key Product Features,20,Key Stats,9,,,,https://www.efront.com/en/alternative-investment-software/efront-peo-venture-capital,,,,,,112103,1686,15.133,1,,988,323,0,48.07,142,48,0,13,9,0,,,,,570d9b3ed0fbe659087df08f4f3bcf55,0.43,,,,,1.1,https://www.efront.com/en/alternative-investment-software/efront-peo-venture-capital,29/03/2022 10:38
https://www.efront.com/fr/recherche-et-etudes/returns-risks-and-liquidity-of-lbo-funds-in-q2-2020,text/html;charset=UTF-8,200,OK,Indexable,,"Returns, risks and liquidity of LBO Funds in Q2 2020 | eFront",61,535,,0,0,,0,"RETURNS, RISKS AND LIQUIDITY OF LBO FUNDS IN Q2 2020",52,,0,Get This Research Paper,23,Thank you,9,,,,https://www.efront.com/fr/recherche-et-etudes/returns-risks-and-liquidity-of-lbo-funds-in-q2-2020,,,,,,88466,1413,12.713,3,,7,3,0,0.45,125,49,0,13,9,0,,,,,d30ec5c58170ddf9fa36ccdfec25f80b,0.26,,,,,1.1,https://www.efront.com/fr/recherche-et-etudes/returns-risks-and-liquidity-of-lbo-funds-in-q2-2020,29/03/2022 10:39
https://www.efront.com/en/news-press-releases/leading-middle-eastern-sovereign-wealth-fund-improves-data-integrity-with-efront,text/html;charset=UTF-8,200,OK,Indexable,,Leading Middle Eastern sovereign wealth fund improves data integrity with eFront | eFront,89,787,,0,0,,0,Leading Middle Eastern sovereign wealth fund improves data integrity,68,,0,Insight private equity benchmarks released for Q3 2021,54,Insight private equity benchmarks released for Q2 2021,54,,,,https://www.efront.com/en/news-press-releases/leading-middle-eastern-sovereign-wealth-fund-improves-data-integrity-with-efront,,,,,,64479,1417,17.557,2,,7,3,0,0.45,145,52,0,13,9,0,,,,,f392ea2515940b33f4e3c55bf9e94757,0.238,,,,,1.1,https://www.efront.com/en/news-press-releases/leading-middle-eastern-sovereign-wealth-fund-improves-data-integrity-with-efront,29/03/2022 10:38
https://www.efront.com/en/research-papers/is-emerging-asia-pacific-coming-of-age,text/html;charset=UTF-8,200,OK,Indexable,,Is the emerging Asia-Pacific region coming of age? | eFront,59,521,,0,0,,0,IS THE EMERGING ASIA-PACIFIC REGION COMING OF AGE?,50,,0,Get This Research Paper,23,Thank you,9,,,,https://www.efront.com/en/research-papers/is-emerging-asia-pacific-coming-of-age,,,,,,88601,1269,11.686,2,,7,3,0,0.45,143,52,0,13,9,0,,,,,4378201f3c4c7cd3df4b56bdb2a1b0a3,0.28,,,,,1.1,https://www.efront.com/en/research-papers/is-emerging-asia-pacific-coming-of-age,29/03/2022 10:38
https://www.efront.com/en/case-studies/foresight,text/html;charset=UTF-8,200,OK,Indexable,,Foresight | eFront,18,157,,0,0,,0,FORESIGHT,9,,0,eFront Pevara private equity benchmarks released for Q3 2019,60,eFront: How tech can unlock private markets,43,,,,https://www.efront.com/en/case-studies/foresight,,,,,,60119,1151,16.001,5,,5,1,0,0.15,141,50,0,13,9,0,,,,,be3667553d6b0922ee7e0742528b77b2,0.26,,,,,1.1,https://www.efront.com/en/case-studies/foresight,29/03/2022 10:39
https://www.efront.com/fr/alternative-investment-solutions/general-partners,text/html;charset=UTF-8,200,OK,Indexable,,Alternative Investment Solution for General Partner | eFront Software,69,606,,0,0,,0,,0,,0,GENERAL PARTNERS LOGICIEL POUR L’INVESTISSEMENT ALTERNATIF,58,LA SUITE DE SOLUTIONS EFRONT POUR LES GENERAL PARTNERS,54,,,,https://www.efront.com/fr/alternative-investment-solutions/general-partners,,,,,,115755,1669,14.237,2,,975,322,0,47.92,130,49,0,13,9,0,,,,,376be3efa5f5553308c49606e0180566,0.376,,,,,1.1,https://www.efront.com/fr/alternative-investment-solutions/general-partners,29/03/2022 10:39
https://www.efront.com/fr/recherche-et-etudes/returns-risks-and-liquidity-of-lbo-funds-in-q2-2019,text/html;charset=UTF-8,200,OK,Indexable,,"Returns, risks and liquidity of LBO Funds in Q2 2019 | eFront",61,535,,0,0,,0,"RETURNS, RISKS AND LIQUIDITY OF LBO FUNDS IN Q2 2019",52,,0,Get This Research Paper,23,Thank you,9,,,,https://www.efront.com/fr/recherche-et-etudes/returns-risks-and-liquidity-of-lbo-funds-in-q2-2019,,,,,,87907,1326,12.169,3,,7,3,0,0.45,125,49,0,13,9,0,,,,,62a0ecedd5e7e0774d6784b14ad3c138,0.34,,,,,1.1,https://www.efront.com/fr/recherche-et-etudes/returns-risks-and-liquidity-of-lbo-funds-in-q2-2019,29/03/2022 10:39
https://www.efront.com/en/news-press-releases/latest-enhancements-released-for-full-efront-solution-suite,text/html;charset=UTF-8,200,OK,Indexable,,Latest enhancements released for full eFront solution suite | eFront,68,586,,0,0,,0,Latest enhancements released for full eFront solution suite,59,,0,Insight private equity benchmarks released for Q3 2021,54,Insight private equity benchmarks released for Q2 2021,54,,,,https://www.efront.com/en/news-press-releases/latest-enhancements-released-for-full-efront-solution-suite,,,,,,64096,1418,17.843,2,,7,3,0,0.45,143,52,0,13,9,0,,,,,89426f4560270080f23f089456630867,0.311,,,,,1.1,https://www.efront.com/en/news-press-releases/latest-enhancements-released-for-full-efront-solution-suite,29/03/2022 10:38
https://www.efront.com/fr/etudes-de-cas-clients/axil-capital-implements-efront-invest-gp,text/html;charset=UTF-8,200,OK,Indexable,,Axil Capital implements eFront Invest GP | eFront,49,433,,0,0,,0,AXIL CAPITAL IMPLEMENTS EFRONT INVEST GP,40,,0,Contact us,10,Thank you for your interest in eFront,37,,,,https://www.efront.com/fr/etudes-de-cas-clients/axil-capital-implements-efront-invest-gp,,,,,,101712,1374,14.104,4,,5,1,0,0.15,123,47,0,14,10,0,,,,,7acf8040082f72d5659fc60499dc94b,0.306,,,,,1.1,https://www.efront.com/fr/etudes-de-cas-clients/axil-capital-implements-efront-invest-gp,29/03/2022 10:39
https://www.efront.com/en/case-studies/wellershoff-partners-implements-efront-pevara,text/html;charset=UTF-8,200,OK,Indexable,,Wellershoff & Partners implements eFront Pevara | eFront,56,510,,0,0,,0,WELLERSHOFF & PARTNERS IMPLEMENTS EFRONT PEVARA,47,,0,Contact us,10,Thank you for your interest in eFront,37,,,,https://www.efront.com/en/case-studies/wellershoff-partners-implements-efront-pevara,,,,,,102411,1272,13.412,2,,7,3,0,0.45,141,48,0,14,10,0,,,,,fe02b2722a43c642b6096dd32178594f,0.294,,,,,1.1,https://www.efront.com/en/case-studies/wellershoff-partners-implements-efront-pevara,29/03/2022 10:38
https://www.efront.com/fr/alternative-investment-solutions/pipeline-and-deal-flow-management,text/html;charset=UTF-8,200,OK,Indexable,,Deal Pipeline Management Software | eFront,42,395,,0,0,,0,,0,,0,PILOTAGE DU PIPELINE ET DES OPPORTUNITÉS D’INVESTISSEMENTS ALTERNATIFS,70,Découvrez ci-dessous les solutions eFront,41,,,,https://www.efront.com/fr/alternative-investment-solutions/pipeline-and-deal-flow-management,,,,,,102691,1346,13.741,2,,975,322,0,47.92,126,47,0,13,9,0,,,,,edb75a4e8a7ec9f9e8a360c443aad621,0.244,,,,,1.1,https://www.efront.com/fr/alternative-investment-solutions/pipeline-and-deal-flow-management,29/03/2022 10:39
https://www.efront.com/fr/andera-partners-upgrades-efront-invest-to-manage-all-asset-classes-through-single-platform,text/html;charset=UTF-8,200,OK,Indexable,,Andera Partners upgrades eFront Invest to manage all asset classes through single platform | eFront,99,883,,0,0,,0,Andera Partners upgrades eFront Invest to manage all asset classes,66,,0,"[Q] Pierre, for which aspects of your business do you use eFront?",65,[Q] Why did you decide to implement the newer version of eFront Invest?,71,,,,https://www.efront.com/fr/andera-partners-upgrades-efront-invest-to-manage-all-asset-classes-through-single-platform,,,,,,66871,1926,21.819,3,,7,3,0,0.45,125,49,0,13,9,0,,,,,3dd1ea9bd388973bfd998328d336e107,0.292,,,,,1.1,https://www.efront.com/fr/andera-partners-upgrades-efront-invest-to-manage-all-asset-classes-through-single-platform,29/03/2022 10:39
https://www.efront.com/fr/news-press-releases/insight-private-equity-benchmarks-released-for-q1-2021,text/html;charset=UTF-8,200,OK,Indexable,,Insight private equity benchmarks released for q1 2021 | eFront,63,557,,0,0,,0,Insight private equity benchmarks released for Q1 2021,54,,0,Insight private equity benchmarks released for Q3 2021,54,Insight private equity benchmarks released for Q2 2021,54,,,,https://www.efront.com/fr/news-press-releases/insight-private-equity-benchmarks-released-for-q1-2021,,,,,,61894,1286,16.894,3,,7,3,0,0.45,127,50,0,14,10,0,,,,,35dd08d81959de0a61fad5d05150a3d0,0.317,,,,,1.1,https://www.efront.com/fr/news-press-releases/insight-private-equity-benchmarks-released-for-q1-2021,29/03/2022 10:39
